﻿{
	"Food_Low": [
		"You're hungry.",
		"Your stomach rumbles.",
		"You're thinking about eating food.",
		"You think about finding food.",
		"You need some food."
	],
	"Food_None": [
		"You're starving!",
		"All you can think about is food! Better eat!",
		"You're so hungry you can't think straight!"
	],
	"Water_Low": [
		"You're getting pretty thirsty.",
		"You could really use some water.",
		"You're thinking about getting a drink.",
		"You need a drink."
	],
	"Water_None": [
		"You're dehydrated!",
		"You're super thirsty! Get a drink right now!",
		"You're so thirsty you can't think straight!"
	],
	"Drink_Water_Source": [
		"You scoop up some water in a cup and drain it down."
	],
	"Bladder_Yellow": [
		"You need to pee.",
		"You should find somewhere to pee soon.",
		"You feel like you might pee soon.",
		"Your bladder is getting full."
	],
	"Bladder_Orange": [
		"You really need to pee!",
		"You're not sure how much longer you can hold your pee!",
		"If you don't find somewhere to pee soon, you'll pee yourself!",
		"You start crossing your legs trying not to pee yourself!"
	],
	"Bladder_Red": [
		"You start to panic! You're about to pee yourself!",
		"You have to pee so badly you start hopping around!",
		"You feel a few drops of pee leak out into your $UNDERWEAR_NAME$!"
	],
	"Bowels_Yellow": [
		"You need to poop.",
		"You should find somewhere to poop soon.",
		"You feel a rumble in your bowels.",
		"It might be time to poop."
	],
	"Bowels_Orange": [
		"You really need to poop!",
		"If you don't find a place to poop soon, you'll mess yourself!",
		"You're not sure how much longer you can hold your poop!"
	],
	"Bowels_Red": [
		"You can feel the poop starting to push out!",
		"You start to panic! You're about to mess yourself!"
	],
	"Bladder_Continence_Yellow": [ "You notice you seem to be getting worse at holding your pee." ],
	"Bladder_Continence_Orange": [ "You notice that you're getting pretty bad at holding your pee." ],
	"Bladder_Continence_Red": [ "You notice that you're getting close to being unable to hold your pee." ],
	"Bladder_Continence_Min": [ "You notice that you're almost totally unable to hold your pee." ],
	"Bowel_Continence_Yellow": [ "You notice you seem to be getting worse at holding your poop." ],
	"Bowel_Continence_Orange": [ "You notice that you're getting pretty bad at holding your poop." ],
	"Bowel_Continence_Red": [ "You notice that you're getting close to being unable to hold your poop." ],
	"Bowel_Continence_Min": [ "You notice that you're almost totally unable to hold your poop." ],
	"Pee_Voluntary": [
		"You undress and spray your pee freely onto the ground.",
		"Undressing, you take a deep breath and pee on the ground.",
		"Looking around sheepishly, you pull your pants down and go number one right where you are!",
		"You slide your $PANTS_NAME$ to your knees</, squat,> and let your pee splatter all over the ground.",
		"You pull down your $PANTS_NAME$ and sprinkle on the ground.",
		"You pull your $PANTS_NAME$ down and go <pee pee/tinkle> on the ground.",
		"You slide your $PANTS_NAME$ down, <spread your legs/squat down>, and empty your bladder."
	],
	"Poop_Voluntary": [
		"You slide your $PANTS_NAME$ down, squat, and empty your bowels.",
		"Looking around nervously, you pull your $PANTS_NAME$ down and go number two right on the ground!",
		"Undressing, you squat and let your poop pile out onto the ground.",
		"You pull down your $PANTS_NAME$ and poop on the ground.",
		"You slide your $PANTS_NAME$ to your knees, squat down, and strain a bit to force your poop out."
	],
	"Pee_Toilet": [
		"Sprinkling into the toilet, you breathe a sigh of relief.",
		"You pee in the potty like a big <boy/girl>.",
		"You slide your $PANTS_NAME$ down, <stand in front of the toilet/sit on the toilet>, and pee like a big <boy/girl>.",
		"You barely make it to the toilet. Any longer and you might have wet yourself!",
		"You wee in the toilet. Good thing you were able to hold it until then!",
		"You proundly pee in the toilet. Now you won't need a diaper!",
		"You tinkle in the toilet. Your mommy would be proud!",
		"You undress and go number one in the toilet like a good <boy/girl>."
	],
	"Poop_Toilet": [
		"As your poop slides out into the toilet, you start to relax. Whew, that felt good!",
		"You slide your $PANTS_NAME$ to your knees, sit on the toilet, and poop like a big <boy/girl>.",
		"You poop in the potty like a big <boy/girl>.",
		"You poop in the toilet. Maybe now you won't mess yourself today!",
		"You slide your $PANTS_NAME$ to your knees and poop in the toilet.",
		"You proudly poop in the toilet. Now you won't need a diaper!",
		"You poop in the toilet. Your mommy would be proud!",
		"You undress and go number two in the toilet like a good <boy/girl>."
	],
	"Pee_Toilet_Attempt": [
		"You try to pee in the potty like a big <boy/girl>, but nothing comes out.",
		"You slide your $PANTS_NAME$ down, <spread your legs/sit on the toilet>, and try to pee, but you can't."
	],
	"Poop_Toilet_Attempt": [
		"You squirm a little as you try to poop in the toilet, but nothing comes out.",
		"You try to poop in the potty like a big <boy/girl>, but you can't.",
		"You slide your $PANTS_NAME$ to your knees, sit on the toilet, and strain to poop, but nothing comes out."
	],
	"Wet_Voluntary": [
		"You relax your bladder and pee gushes into your $UNDERWEAR_NAME$.",
		"Your bladder tingles as you let go and warmth spreads out into your $UNDERWEAR_NAME$.",
		"You take a deep breath and release your pee into your $UNDERWEAR_NAME$.",
		"You glance around a little sheepishly and pee your $UNDERWEAR_NAME$ like a little <boy/girl>."
	],
	"Mess_Voluntary": [
		"You squat a little and empty your bowels into your $UNDERWEAR_NAME$.",
		"You concentrate and push a warm load of poop into your $UNDERWEAR_NAME$.",
		"You hope nobody notices as you let a big poop squeeze out into your $UNDERWEAR_NAME$."
	],
	"Pee_Attempt": [
		"You pull down your $PANTS_NAME$ and relax your bladder, but nothing comes out.",
		"You slide your $PANTS_NAME$ down, <spread your legs/squat down>, and try to pee, but you can't."
	],
	"Poop_Attempt": [
		"You pull down your $PANTS_NAME$ and try to poop, but you can't.",
		"You slide your $PANTS_NAME$ to your knees, squat down, and strain to poop, but nothing comes out."
	],
	"Wet_Attempt": [
		"You relax your bladder, but nothing comes out.",
		"You try to pee in your $UNDERWEAR_NAME$, but you can't."
	],
	"Mess_Attempt": [
		"You squat a little and strain, but nothing comes out.",
		"You try to mess in your $UNDERWEAR_NAME$, but you can't."
	],
	"Still_Soiled": [
		"You feel your <wet&messy> $UNDERWEAR_NAME$ getting a bit cold.",
		"You feel humiliated knowing that you're still in $UNDERWEAR_PREFIX$ <wet&messy> $UNDERWEAR_NAME$.",
		"You blush realizing you're wearing $UNDERWEAR_PREFIX$ <wet&poopy> $UNDERWEAR_NAME$.",
		"You smell something stinky and realize you're still wearing $UNDERWEAR_PREFIX$ <wet&messy> $UNDERWEAR_NAME$.",
		"You feel your <wet&poopy> $UNDERWEAR_NAME$ squishing between your legs.",
		"You notice your <wet&messy> $UNDERWEAR_NAME$ <is#are> sagging.",
		"You notice you're waddling because your $UNDERWEAR_NAME$ <is#are> <wet&messy>.",
		"You're uncomfortable in your <wet&messy> $UNDERWEAR_NAME$ and need to change soon.",
		"You feel your dirty $UNDERWEAR_NAME$. You can't believe you <wet&messed> <it#them> like a little baby!",
		"You feel your $UNDERWEAR_NAME$. <It's#They're> all <wet&messy>!"
	],
	"Wet_Accident": [
		"You bite your lip and whimper as your bladder gives in and you flood your $UNDERWEAR_NAME$.",
		"You whimper helplessly as pee streams into your $UNDERWEAR_NAME$.",
		"You hope no one notices the pee pouring into your $UNDERWEAR_NAME$.",
		"Turning bright red, you suddenly feel warmth spreading into your $UNDERWEAR_NAME$!",
		"You desperately hope your $UNDERWEAR_NAME$ doesn't leak as you involuntarily wet yourself.",
		"You stand paralyzed as you start to go <wee/tinkle> in your $UNDERWEAR_NAME$!",
		"Turning red, you realize the warmth spreading into your crotch is pee!",
		"You <gasp/squeal> when you realize you're suddenly wetting yourself!",
		"With a faint hiss, warmth floods into your $UNDERWEAR_NAME$!",
		"You uselessly press your hands to your crotch to try stop the sudden flood of pee coming out.",
		"You're wetting your $UNDERWEAR_NAME$ like a little <boy/girl>!",
		"You can't hold it any longer and your pee gushes out, flooding your $UNDERWEAR_NAME$.",
		"You can't help yourself and pee spurts into your $UNDERWEAR_NAME$",
		"Oh no! You're wetting yourself!",
		"You're wetting your $UNDERWEAR_NAME$! Oh no!",
		"You can't stop yourself from peeing in your $UNDERWEAR_NAME$!",
		"Your $UNDERWEAR_NAME$ <sags#sag> as you wet yourself. How humiliating!"
	],
	"Mess_Accident": [
		"Trying not to cry, you helplessly mess your $UNDERWEAR_NAME$.",
		"Turning bright red, you realize you're suddenly filling the back of your $UNDERWEAR_NAME$!",
		"Your cheeks burn as the distinctive smell of poop begins to waft from your $UNDERWEAR_NAME$.",
		"You cover your face in shame as you involuntarily fill your $UNDERWEAR_NAME$ with warm poop.",
		"With a faint crackling sound, your poop squeezes out into your $UNDERWEAR_NAME$.",
		"You start squirming and push a heavy load of poop into your $UNDERWEAR_NAME$.",
		"You whimper helplessly. You're pooping yourself!",
		"You can't hold your poop any more and release it into your $UNDERWEAR_NAME$.",
		"You finally give up, and a heavy load of warm poop pushes into your $UNDERWEAR_NAME$.",
		"You freeze up and look around nervously as your poop squishes out into your $UNDERWEAR_NAME$.",
		"You're pooping in your pants! How humiliating!",
		"You feel a warm mass spreading into your $UNDERWEAR_NAME$ and start to cry like a little <boy/girl>.",
		"You push on the back of your $UNDERWEAR_NAME$ to stop the poop coming out, but you only squish it around more!",
		"Oh no! Your $UNDERWEAR_NAME$ <is#are> all messy now!",
		"You can't stop it! You're messing yourself!",
		"You mess your $UNDERWEAR_NAME$ like a little baby <boy/girl>!",
		"Your $UNDERWEAR_NAME$ <bulges#bulge> as you helplessly mess yourself.",
		"You can't help yourself and mess your $UNDERWEAR_NAME$!"
	],
	"Toilet_Night": [
		"You had to <pee&poop> last night, but you woke up and made it to the toilet.",
		"You woke up to <pee&poop> in the potty like a big <boy/girl> last night."
	],
	"Wake_Up_Underwear_State": [
		"You wake up in $INSPECT_UNDERWEAR_NAME$."
	],
	"Wet_Bed": [
		"You find that you leaked last night--your bed is all wet!",
		"Your bed is cold and wet. You must have wet the bed last night!",
		"You wet your bed like a little <boy/girl> last night!",
		"You realize in shame that you're lying in a puddle of cold pee.",
		"Your covers are all wet. You need a diaper like a little <boy/girl>!",
		"Your pajamas are uncomfortable and wet. You realize you wet the bed last night!"
	],
	"Messed_Bed": [
		"Starting to cry, you realize that you pooped< and peed> the bed like a baby!",
		"Somebody needs a diaper! You <wet and >messed your bed last night!",
		"Your cheeks burn when you discover that your bed is all <wet and >poopy!",
		"You are humiliated to realize that you pooped< and peed> in your bed while you were sleeping!",
		"You <pee and >poop overflowed into your bed last night!",
		"You realize you must have <wet and >messed your bed last night! Oh no!",
		"You smell something stinky and realize you <wet and >messed the bed last night!"
	],
	"Spot_Washing_Bedding": [
		"You take your <wet&poopy> bedding to the river and rinse the <wet&poopy> part, but it was tiring and your bedding probably won't be dry until $BEDDING_DRYTIME$."
	],
	"Washing_Bedding": [
		"You take your <wet&poopy> bedding to the river and wash it, but it was exhausting and your bedding probably won't be dry until $BEDDING_DRYTIME$."
	],
	"Washing_Underwear": [
		"You wash your $UNDERWEAR_NAME$ in the water. <It#They> will be dry tomorrow."
	],
	"Bedding_Still_Wet": [
		"Your bedding won't be dry until $BEDDING_DRYTIME$!"
	],
	"Pee_Overflow": [
		"Your $UNDERWEAR_NAME$ leaked! Your pants are all wet!",
		"You start crying as you feel pee dribbling down your legs!",
		"You turn red as you realize your pee is running down your legs!",
		"You notice a wet spot on your $PANTS_NAME$ and realize your $UNDERWEAR_NAME$ leaked!",
		"Your $UNDERWEAR_NAME$ couldn't hold the pee and it leaked out into your $PANTS_NAME$!",
		"Your $UNDERWEAR_NAME$ <is#are> overflowing! You're leaking into your pants."
	],
	"Poop_Overflow": [
		"Your $UNDERWEAR_NAME$ blew out! Your pants are all poopy!",
		"Turning bright red, you realize your pants are all messy now!",
		"Your cheeks burn with shame when you discover your poop overflowed out into your $PANTS_NAME$.",
		"You smell something really stinky and realize your poop overflowed into your $PANTS_NAME$!",
		"You start crying as you feel a big log of poop squish out past your $UNDERWEAR_NAME$ and smear down your legs!",
		"Oh no! Your $UNDERWEAR_NAME$ couldn't hold the poop and it came out into your $PANTS_NAME$!"
	],
	"Debuff_Wet_Pants": [ "Your pants are wet!", "You wet your pants!", "You peed your pants!" ],
	"Debuff_Messy_Pants": [ "Your pants are messy!", "Your pants are poopy!", "You messed your pants!" ],
	"Villager_Reactions": {
		"adult": {
			"soiled_verynice": [ "Aww, do you need me to change you out of your <wet&messy> $UNDERWEAR_NAME$?", "I think little $FARMERNAME$ needs <his/her> diaper changed!" ],
			"soiled_nice": [ "You poor thing! Did you just <wet&mess> yourself?", "Does someone need a diaper change?" ],
			"soiled_mean": [ "You <&really >might want to go change your pants." ],
			"ground": [ "$FARMERNAME$! Living in the country doesn't make us barbarians!", "That's not okay! Use a toilet!" ],
			"ground_attempt": [ "$FARMERNAME$! What are you doing!" ]
		},
		"teen": {
			"soiled_verynice": [ "Awww, you're so cute when you're embarrassed!", "Where's your mommy $FARMERNAME$? I think you need a change." ],
			"soiled_nice": [ "Did you just <wet&mess> yourself $FARMERNAME$?", "Just letting you know $FARMERNAME$, you should probably change your diaper soon." ],
			"soiled_mean": [ "Did you just <pee&poop> in your pants? Gross!", "Wow, you're such a baby $FARMERNAME$!" ],
			"ground": [ "Eww. Is that normal in the city?", "What... Ugh!", "Did you just <pee&poop> on the ground? Gross!" ],
			"ground_attempt": [ "What... Put your pants back on!" ]
		},
		"kid": {
			"soiled_verynice": [ "Go ask your mommy to check your diaper.", "Don't cry, it's okay for little <boy/girl>s to have accidents sometimes." ],
			"soiled_nice": [ "I can see you waddling!", "It smells like you need a diaper change!" ],
			"soiled_mean": [ "Hah! I just watched you <pee&poop> yourself!", "You <peed&pooped> yourself!", "$FARMERNAME$ just <peed&pooped> <himself/herself>!" ],
			"ground": [ "Ewww!", "Ewww! Don't <pee&poop> there!", "Hey everyone! $FARMERNAME$ just <peed&pooped> on the ground!" ],
			"ground_attempt": [ "Eww! Why are you trying to <pee&poop> on on the ground?" ]
		},
		"animal": {
			"soiled_nice": [ "...", "???" ],
			"ground": [ "<...&!!!>" ],
			"ground_attempt": [ "<...&???>" ]
		},
		"abigail": {
			"soiled_verynice": [
				"$hWant a change? I could change you, if you want!",
				"$lAre you ever going to change me someday?",
				"$lSometimes I just put on a diaper and sit around playing games all day. Maybe we could do that together sometime.",
				"$sI think I'm pretty wet. Would you mind helping me change?",
				"$hLet me help with that! Lay down for me.",
				"$lEwww, I think.... I think I pooped myself. Could you... maybe change me?"
			],
			"soiled_nice": [
				"$lWas that me? ...Oh! Nothing! Haha!",
				"So, do you have a medical condition or something?",
				"You might wanna change. Just incase someone else says something.",
				"$lI might be into trying that diaper thing sometime.",
				"Is changing too much of a chore? Sorry, rude question!",
				"$l*Checks self quickly* Oh! Were you watching?!"
			],
			"soiled_mean": [
				"I'm just..nevermind.",
				"This is pretty awkward.",
				"...Wow. Walking away now.",
				"*Feels own backside quickly* Eww! That's gross! You shouldn't do that in public!",
				"I thought only babies <wet&messed> their pants! Grow up!",
				"Did you just <pee&poop> your pants? You need diapers!"
			]
		},
		"haley": {
			"soiled_verynice": [
				"$lI'm really glad you've gotten me into this whole diaper thing!",
				"$hLooks like <that#those> $UNDERWEAR_NAME$ <is#are> a little <wet&messy> now! How about a changing?",
				"$sI think my diaper's starting to sag. Can you give me a hand?"
			],
			"soiled_nice": [
				"$l<That#Those> $UNDERWEAR_NAME$ <is#are> kind of cute. Where can I get <one#some>?",
				"$hI think you might be leaking a little!"
			],
			"soiled_mean": [
				"$uDiapers are NOT in fashion, and neither is <peeing&pooping> your pants like a baby!",
				"$uLike, eww. Why is everyone in this town so gross?!",
				"$uI was gonna tell you to change your clothes because of how unstylish they are, but it looks like you need your diaper changed more you big baby!"
			]
		}
	},

	"Change": [
		"You change into $PANTS_PREFIX$ clean $PANTS_NAME$ and $INSPECT_UNDERWEAR_NAME$."
		//***"You take off your soiled <OLD_UNDERWEAR_DESC> and put on $UNDERWEAR_PREFIX$ clean $UNDERWEAR_NAME$."
	],
	"PeekWaistband": [
		"You peek inside your waistband and see"
	],
	"LookPants": [
		"You look down and see"
	],
	"Underwear_Clean": "clean $UNDERWEAR_DESC$",
	"Underwear_Drying": "drying $UNDERWEAR_DESC$",

	"Underwear_Wet": [ //Chosen based on diaper wetness, applied after Underwear_Messy. Words in brackets only show if underwear is also messy.
		"slightly damp $UNDERWEAR_DESC$",
		"somewhat wet $UNDERWEAR_DESC$",
		"very wet $UNDERWEAR_DESC$",
		"drenched $UNDERWEAR_DESC$",
		"dripping wet $UNDERWEAR_DESC$"
	],
	"Underwear_Messy": [ //Chosen based on diaper messiness, applied before Underwear_Wet. Words in brackets are only used if underwear is also wet.
		"<and >slightly poopy $UNDERWEAR_DESC$",
		"<and >somewhat poopy $UNDERWEAR_DESC$",
		"<and >poopy $UNDERWEAR_DESC$",
		"$UNDERWEAR_DESC$ filled with poop",
		"$UNDERWEAR_DESC$ with poop squishing out"
	],
	"Underwear_Options": {
		"bed": {
			"name": "bed",
			"prefix": "a",
			"description": "cozy bed",
			"absorbency": 2500.0,
			"containment": 240.0,
			"spriteIndex": -1,
			"price": 0,
			"washable": true,
			"plural": false
		},
		"blue jeans": {
			"name": "blue jeans",
			"prefix": "a pair of",
			"description": "sturdy blue jeans",
			"absorbency": 500.0,
			"containment": 120.0,
			"spriteIndex": -1,
			"price": 2000,
			"washable": true,
			"plural": true
		},
		"black thong": {
			"name": "black thong",
			"prefix": "a",
			"description": "lacy black thong",
			"absorbency": 20.0,
			"containment": 10.0,
			"spriteIndex": 0,
			"price": 10,
			"washable": true,
			"plural": false
		},
		"polka dot panties": {
			"name": "polka dot panties",
			"prefix": "a pair of",
			"description": "simple white panties with pink polka dots",
			"absorbency": 20.0,
			"containment": 50.0,
			"spriteIndex": 1,
			"price": 10,
			"washable": true,
			"plural": true
		},
		"big kid undies": {
			"name": "big kid undies",
			"prefix": "a pair of",
			"description": "cotton undies for big kids only",
			"absorbency": 20.0,
			"containment": 50.0,
			"spriteIndex": 2,
			"price": 10,
			"washable": true,
			"plural": true
		},
		"dinosaur undies": {
			"name": "dinosaur undies",
			"prefix": "a pair of",
			"description": "green undies covered in adorable dinosaurs",
			"absorbency": 20.0,
			"containment": 50.0,
			"spriteIndex": 3,
			"price": 10,
			"washable": true,
			"plural": true
		},
		"lavender pullup": {
			"name": "lavender pullup",
			"prefix": "a",
			"description": "soft and snug flowery lavender pullup",
			"absorbency": 500.0,
			"containment": 120.0,
			"spriteIndex": 4,
			"price": 25,
			"washable": false,
			"plural": false
		},
		"training pants": {
			"name": "training pants",
			"prefix": "a pair of",
			"description": "thin potty training pants that look like big kid undies",
			"absorbency": 500.0,
			"containment": 120.0,
			"spriteIndex": 5,
			"price": 25,
			"washable": false,
			"plural": true
		},
		"Joja diaper": {
			"name": "Joja diaper",
			"prefix": "a",
			"description": "thin white plastic diaper from JojaMart",
			"absorbency": 399.0,
			"containment": 99.0,
			"spriteIndex": 6,
			"price": 25,
			"washable": false,
			"plural": false
		},
		"baby print diaper": {
			"name": "baby print diaper",
			"prefix": "a",
			"description": "little soft and crinkly fresh-scented baby print diaper",
			"absorbency": 500.0,
			"containment": 120.0,
			"spriteIndex": 7,
			"price": 25,
			"washable": false,
			"plural": false
		},
		"cloth diaper": {
			"name": "cloth diaper",
			"prefix": "a",
			"description": "thick and soft white cloth diaper",
			"absorbency": 1700.0,
			"containment": 240.0,
			"spriteIndex": 8,
			"price": 1000,
			"washable": true,
			"plural": false
		},
		"space diaper": {
			"name": "space diaper",
			"prefix": "a",
			"description": "very thick and soft blue plastic diaper with spaceship designs",
			"absorbency": 2500.0,
			"containment": 240.0,
			"spriteIndex": 9,
			"price": 100,
			"washable": false,
			"plural": false
		},
		"pawprint diaper": {
			"name": "pawprint diaper",
			"prefix": "a",
			"description": "puffy plastic diaper with cute animal prints and fade-when-wet little paws",
			"absorbency": 2500.0,
			"containment": 240.0,
			"spriteIndex": 10,
			"price": 100,
			"washable": false,
			"plural": false
		}
	}
}
